{"coverage": 95.85798816568047, "raw_data": {"meta": {"format": 2, "version": "7.5.4", "timestamp": "2024-07-08T05:49:57.211668", "branch_coverage": false, "show_contexts": false}, "files": {"ndarraybuffer/__init__.py": {"executed_lines": [1], "summary": {"covered_lines": 1, "num_statements": 1, "percent_covered": 100.0, "percent_covered_display": "100", "missing_lines": 0, "excluded_lines": 0}, "missing_lines": [], "excluded_lines": []}, "ndarraybuffer/array_buffer.py": {"executed_lines": [1, 2, 4, 5, 6, 8, 13, 14, 15, 16, 19, 20, 22, 25, 26, 32, 38, 39, 40, 41, 42, 43, 44, 45, 50, 52, 54, 55, 56, 58, 59, 60, 62, 63, 64, 66, 67, 68, 70, 71, 72, 74, 75, 77, 78, 80, 81, 84, 85, 88, 92, 94, 95, 98, 99, 102, 107, 109, 110, 112, 118, 124, 125, 126, 127, 128, 130, 131, 137, 138, 139, 141, 143, 144, 149, 151, 152, 153, 154, 156, 157, 158, 160, 162, 163, 165, 170, 171, 172, 174, 175, 177, 179, 180, 181, 183, 184, 185, 187, 188, 190, 191, 193, 194, 195, 197, 198, 199, 200, 201, 202, 204, 205, 207, 209, 210, 211, 212, 213, 214, 216, 218, 220, 222, 224, 226, 228, 230, 232, 234, 236, 238, 239, 240, 241, 243, 244, 246, 247, 248, 249, 251, 252, 254, 255, 256, 257, 259, 260, 262, 263, 264, 265, 267, 268, 270, 275, 276, 278, 283, 284, 286, 287, 289, 290, 292, 293, 295, 296, 298, 299, 301, 306, 307, 309, 310, 312], "summary": {"covered_lines": 176, "num_statements": 190, "percent_covered": 92.63157894736842, "percent_covered_display": "93", "missing_lines": 14, "excluded_lines": 0}, "missing_lines": [82, 86, 96, 100, 271, 272, 273, 279, 280, 281, 302, 303, 304, 313], "excluded_lines": []}, "tests/test_array_buffer.py": {"executed_lines": [1, 2, 4, 5, 7, 10, 11, 12, 13, 14, 15, 16, 17, 18, 19, 20, 22, 23, 24, 25, 27, 28, 29, 30, 32, 33, 34, 35, 37, 38, 39, 40, 42, 43, 44, 45, 47, 48, 49, 51, 52, 55, 56, 57, 58, 59, 60, 61, 62, 63, 64, 65, 68, 69, 70, 71, 74, 75, 76, 77, 78, 79, 80, 82, 83, 84, 85, 86, 87, 88, 91, 92, 93, 94, 95, 96, 97, 100, 101, 102, 103, 104, 105, 106, 107, 110, 111, 113, 114, 115, 116, 117, 120, 121, 122, 123, 124, 125, 128, 129, 130, 131, 132, 133, 134, 137, 138, 139, 140, 141, 142, 143, 144, 145, 146, 147, 148, 149, 150, 151, 152, 153, 155, 156, 157, 158, 159, 160, 161, 163, 166, 167, 168, 169, 172, 173, 174, 175, 176, 177, 178, 181, 182, 183, 184, 185, 186], "summary": {"covered_lines": 147, "num_statements": 147, "percent_covered": 100.0, "percent_covered_display": "100", "missing_lines": 0, "excluded_lines": 0}, "missing_lines": [], "excluded_lines": []}}, "totals": {"covered_lines": 324, "num_statements": 338, "percent_covered": 95.85798816568047, "percent_covered_display": "96", "missing_lines": 14, "excluded_lines": 0}}, "coverage_path": "."}