{"coverage": 96.14325068870524, "raw_data": {"meta": {"format": 2, "version": "7.5.4", "timestamp": "2024-07-10T03:10:58.806077", "branch_coverage": false, "show_contexts": false}, "files": {"ndarraybuffer/__init__.py": {"executed_lines": [1], "summary": {"covered_lines": 1, "num_statements": 1, "percent_covered": 100.0, "percent_covered_display": "100", "missing_lines": 0, "excluded_lines": 0}, "missing_lines": [], "excluded_lines": []}, "ndarraybuffer/array_buffer.py": {"executed_lines": [1, 2, 4, 5, 6, 8, 15, 16, 17, 18, 21, 22, 24, 26, 27, 30, 31, 37, 43, 44, 45, 46, 47, 48, 49, 50, 55, 57, 59, 60, 61, 63, 64, 65, 67, 68, 69, 71, 72, 73, 75, 76, 77, 79, 80, 82, 83, 85, 86, 89, 90, 93, 97, 99, 100, 103, 104, 107, 112, 114, 115, 117, 123, 129, 130, 131, 132, 133, 135, 136, 142, 143, 144, 146, 148, 149, 154, 156, 157, 158, 159, 161, 162, 163, 165, 167, 168, 170, 175, 176, 177, 179, 180, 182, 184, 185, 186, 188, 189, 190, 192, 193, 195, 196, 198, 199, 200, 202, 203, 204, 205, 206, 207, 209, 210, 212, 214, 215, 216, 217, 218, 219, 221, 223, 225, 227, 229, 231, 233, 235, 237, 239, 241, 243, 244, 245, 246, 248, 249, 251, 252, 253, 254, 256, 257, 259, 260, 261, 262, 264, 265, 267, 268, 269, 270, 272, 273, 275, 280, 281, 283, 288, 289, 291, 292, 294, 295, 297, 298, 300, 301, 303, 304, 306, 311, 312, 314, 315, 317, 321, 324, 325, 328, 329, 330, 331], "summary": {"covered_lines": 185, "num_statements": 199, "percent_covered": 92.96482412060301, "percent_covered_display": "93", "missing_lines": 14, "excluded_lines": 0}, "missing_lines": [87, 91, 101, 105, 276, 277, 278, 284, 285, 286, 307, 308, 309, 318], "excluded_lines": []}, "tests/test_array_buffer.py": {"executed_lines": [1, 2, 4, 5, 6, 8, 11, 12, 13, 14, 15, 16, 17, 18, 19, 20, 21, 23, 24, 25, 26, 28, 29, 30, 31, 33, 34, 35, 36, 38, 39, 40, 41, 43, 44, 45, 46, 48, 49, 50, 52, 53, 56, 57, 58, 59, 60, 61, 62, 63, 64, 65, 66, 69, 70, 71, 72, 75, 76, 77, 78, 79, 80, 81, 83, 84, 85, 86, 87, 88, 89, 92, 93, 94, 95, 96, 97, 98, 101, 102, 103, 104, 105, 106, 107, 108, 111, 112, 113, 114, 115, 116, 117, 118, 119, 120, 122, 123, 124, 125, 126, 129, 130, 132, 133, 134, 135, 136, 139, 140, 141, 142, 143, 144, 147, 148, 149, 150, 151, 152, 153, 156, 157, 158, 159, 160, 161, 162, 163, 164, 165, 166, 167, 168, 169, 170, 171, 172, 174, 175, 176, 177, 178, 179, 180, 182, 185, 186, 187, 188, 191, 192, 193, 194, 195, 196, 197, 200, 201, 202, 203, 204, 205], "summary": {"covered_lines": 163, "num_statements": 163, "percent_covered": 100.0, "percent_covered_display": "100", "missing_lines": 0, "excluded_lines": 0}, "missing_lines": [], "excluded_lines": []}}, "totals": {"covered_lines": 349, "num_statements": 363, "percent_covered": 96.14325068870524, "percent_covered_display": "96", "missing_lines": 14, "excluded_lines": 0}}, "coverage_path": "."}