{"coverage": 95.06172839506173, "raw_data": {"meta": {"format": 2, "version": "7.4.3", "timestamp": "2024-03-12T03:01:20.452319", "branch_coverage": false, "show_contexts": false}, "files": {"ndarraybuffer/__init__.py": {"executed_lines": [1], "summary": {"covered_lines": 1, "num_statements": 1, "percent_covered": 100.0, "percent_covered_display": "100", "missing_lines": 0, "excluded_lines": 0}, "missing_lines": [], "excluded_lines": []}, "ndarraybuffer/array_buffer.py": {"executed_lines": [1, 2, 4, 5, 6, 8, 13, 14, 15, 16, 19, 20, 23, 24, 30, 36, 37, 38, 39, 40, 41, 42, 43, 48, 50, 52, 53, 54, 56, 57, 58, 60, 61, 62, 64, 65, 66, 68, 69, 70, 72, 73, 75, 76, 78, 79, 82, 83, 86, 90, 92, 93, 96, 97, 100, 105, 107, 108, 110, 116, 122, 123, 124, 125, 126, 128, 129, 135, 136, 137, 139, 141, 142, 147, 149, 150, 151, 152, 154, 155, 156, 158, 160, 161, 163, 168, 172, 173, 175, 177, 178, 179, 181, 182, 183, 185, 186, 188, 189, 191, 192, 193, 195, 196, 197, 198, 199, 200, 202, 203, 205, 207, 208, 209, 210, 211, 212, 214, 216, 218, 220, 222, 224, 226, 228, 230, 232, 234, 236, 237, 238, 239, 241, 242, 244, 245, 246, 247, 249, 250, 252, 253, 254, 255, 257, 258, 260, 261, 262, 263, 265, 266, 268, 273, 274, 276, 281, 282, 284, 285, 287, 288, 290, 291, 293, 294, 296, 297, 299, 304, 305, 307, 308, 310], "summary": {"covered_lines": 173, "num_statements": 189, "percent_covered": 91.53439153439153, "percent_covered_display": "92", "missing_lines": 16, "excluded_lines": 0}, "missing_lines": [80, 84, 94, 98, 169, 170, 269, 270, 271, 277, 278, 279, 300, 301, 302, 311], "excluded_lines": []}, "tests/test_array_buffer.py": {"executed_lines": [1, 2, 4, 5, 7, 10, 11, 12, 13, 14, 15, 16, 17, 18, 19, 20, 22, 23, 24, 25, 27, 28, 29, 30, 32, 33, 34, 35, 37, 38, 39, 40, 42, 43, 44, 45, 47, 48, 49, 51, 52, 55, 56, 57, 58, 59, 60, 61, 62, 63, 64, 65, 68, 69, 70, 71, 74, 75, 76, 77, 78, 79, 80, 82, 83, 84, 85, 86, 87, 88, 91, 92, 93, 94, 95, 96, 97, 100, 101, 102, 103, 104, 105, 106, 107, 110, 111, 113, 114, 115, 116, 117, 120, 121, 122, 123, 124, 125, 128, 129, 130, 131, 132, 133, 134, 137, 138, 139, 140, 141, 142, 143, 144, 145, 146, 147, 148, 149, 150, 151, 152, 153, 155, 156, 157, 158, 159, 160, 161, 163, 166, 167, 168, 169], "summary": {"covered_lines": 134, "num_statements": 134, "percent_covered": 100.0, "percent_covered_display": "100", "missing_lines": 0, "excluded_lines": 0}, "missing_lines": [], "excluded_lines": []}}, "totals": {"covered_lines": 308, "num_statements": 324, "percent_covered": 95.06172839506173, "percent_covered_display": "95", "missing_lines": 16, "excluded_lines": 0}}, "coverage_path": "."}